Time,ACEA,ACEB,ACEE,ACKAR,ACNAR,ACNBR,ACS,ACUPR,ACex,ACxt_b,ADHER,ADK,ATPAR,ATPM,ArcA,CO2ex,CO2xt_b,COZTXR,CYDA,CYOA,Cra,Crp,DCTAR,DCUAR,DCUBR,DCUC,DLD1R,DLD2,DcuR,DcuS,ENOR,ETHUPR,ETHex,ETHxt_b,FBAR,FBP,FDNG,FDOH,FORUPR,FORex,FORxt_b,FRDA,FUMAR,FUMBR,FUMCR,FadR,Fnr,GALER,GALKR,GALM1R,GALM2R,GALTR,GALUR,GAPAR,GLCPTS,GLCUP,GLCex,GLCxt_b,GLK,GLPA,GLPD,GLPK,GLTA,GLUPR,GLex,GLxt_b,GND,GPMAR,GPMBR,GPSAR,GalR,GalS,GlpR,Growth,ICDAR,IclR,LACDN,LACUP,LACYR,LACZ,LACex,LACxt_b,LCTSex,LCTSxt_b,Lacl,MAEB,MDHR,Mlc,NDH,NUOA,O2TXR,O2ex,O2xt_b,PCKA,PFKA,PFKB,PFLA,PFLC,PGIR,PGKR,PGL,PGMR,PIUP2R,PIex,PIxt_b,PNTA1,PNTA2,PPA,PPC,PPSA,PTAR,PYKA,PYKF,PYRUPR,PYRex,PYRxt_b,PdhR,RBSK,RIBUPR,RIBex,RIBxt_b,RPER,RPIAR,RPIBR,RbsR,RpiR,SDHA1,SDHA2,SFCA,SUCA,SUCCR,SUCCex,SUCCxt_b,SurplusF6P,SurplusFDP,SurplusPYR,TALAR,TALBR,TKTA1R,TKTA2R,TKTB1R,TKTB2R,TPIAR,ZWFR,aceA,aceB,aceEF,ackA,acnA,acnB,acs,adhE,adk,atpABCDEFGHI,crr,cydAB,cyoABCD,dctA,dcuA,dcuB,dcuC,dld,eno,fba,fbp,fdnGHI,fdolHG,focA,frdABCD,fumA,fumB,fumC,galE,galK,galM,galP,galT,galU,gapA,glk,glpABC,glpD,glpF,glpK,gltA,gnd,gpmA,gpmB,gpsA,icdA,lacY,lacZ,lpdA,maeB,mdh,ndh,nuoABEFGHIJKLMN,pckA,pfkA,pfkB,pflAB,pflCD,pgi,pgk,pgl,pgm,pitAB,pntAB,ppa,ppc,ppsA,pta,ptsGHI,pykA,pykF,rbsABCD,rbsK,rpe,rpiA,rpiB,sdhABCD,sfcA,sucAB,sucCD,talA,talB,tktA,tktB,tpiA,zwf,VGRO,biomass
0,0.0,0.0,0.0,0.0,0.0,0.0,0.0,0.0,0.0,0.2862945171788315,0.0,0.0,0.0,0.0,0.0,0.0,0.0,0.0,0.0,0.0,0.0,0.0,0.0,0.0,0.0,0.0,0.0,0.0,0,0.0,0.0,0.0,0.0,0.0,0.0,0.0,0.0,0.0,0.0,0.0,0.0,0.0,0.0,0.0,0.0,1.0,0.0,0.0,0.0,0.0,0.0,0.0,0.0,0.0,0.0,0.0,0.0,9.758863050093805,0.0,0.0,0.0,0.0,0.0,0.0,0.0,0.0,0.0,0.0,0.0,0.0,0.0,0.0,0.0,0.0,0.0,1.0,0.0,0.0,0.0,0.0,0.0,0.0,0.0,0.0,0,0.0,0.0,0.0,0.0,0.0,0.0,0.0,10165.190981386675,0.0,0.0,0.0,0.0,0.0,0.0,0.0,0.0,0.0,0.0,0.0,9022.872366534608,0.0,0.0,0.0,0.0,0.0,0.0,0.0,0.0,0.0,0.0,0.0,0.0,0.0,0.0,0.0,0.0,0.0,0.0,0.0,0.0,0.0,0.0,0.0,0.0,0.0,0.0,0.0,0.0,0.0,0.0,0.0,0.0,0.0,0.0,0.0,0.0,0.0,0.0,0.0,0.0,0.0,0.0,1.0,0.0,0.0,0.0,,1.0,1.0,1.0,0.0,0.0,,1.0,0.0,0.0,,1.0,1.0,1.0,0.0,1.0,,0.0,0.0,0.0,1.0,0.0,0.0,0.0,0.0,0.0,1.0,1.0,1.0,0.0,0.0,0.0,0.0,1.0,,1.0,1.0,1.0,1.0,,0.0,,1.0,0.0,0.0,1.0,1.0,1.0,1.0,0.0,0.0,1.0,0.0,1.0,1.0,1.0,,1.0,1.0,0.0,1.0,0.0,1.0,0.0,0.0,,1.0,1.0,0.0,0.0,1.0,0.0,1.0,1.0,1.0,1.0,,,1.0,0.0,0.0026309865598201166
1,0.0,0.0,6.6409449169435995,1.789096507579284,-104952.73738101452,92904.71918520745,0.0,-1.710011706361635,1.7610568533727295,0.31453881773143433,0.0,0.0,-44.13854141718843,0.0,0.0,15.353483020384305,0.0,-14.788665644784738,0.0,33.179815238056605,1.0,,0.0,0.0,0.0,0.0,0.0,0.0,0,,14.746415846980579,0.0,0.0,0.0,7.559126511982011,0.0,0.0,0.0,0.0,0.0,0.0,0.0,102852.31851927408,0.0,-94820.11503989197,1.0,,0.0,0.0,0.0,0.0,0.0,0.0,16.900679901547264,10.085210859724766,0.0,-8.997382184051341,11.02871189873045,0.0,0.0,0.0,0.0,2.4215751007805033,0.0,0.0,0.0,7.218429237353542,-85633.6435120148,101860.07970970405,0.0,1.0,1.0,1.0,1.1740641750635348,2.147103407115453,,0.0,0.0,0.0,0.0,0.0,0.0,0.0,0.0,1,0.0,1.0902012444441171,0.0,0.0,31.04952268814099,15.697639265564966,-13.09210555020688,8950.618168994355,0.0,7.15329310548697,0.0,0.0,0.0,2.2226344043853667,13.282796270521759,8.770132569559674,0.0,3.826511784430175,-4.146306816986339,8790.168700902268,0.0,0.0,0.0,3.338846281350961,0.0,1.6761433369154048,0.0,0.12924797097881716,0.0,0.0,0.0,1.0,0.0,0.0,0.0,0.0,4.092665664547536,-112079.82316212398,107449.76248595386,1.0,1.0,0.9431010320675595,0.9305842826747135,0.0,1.0916854746488547,0.961506632522146,0.0,0.0,0.0,1.0,1.0,108342.0441941687,-90783.17657768237,-96420.32206487672,-102691.16981630518,90372.41055986642,113592.18636551565,-5.850575972318694,8.881018758892559,0.0,,1.0,1.0,1.0,1.0,,1.0,1.0,1.0,1.0,1.0,1.0,0.0,1.0,0.0,0.0,1.0,1.0,1.0,,,1.0,0.0,0.0,1.0,0.0,,0.0,,0.0,,0.0,,1.0,1.0,,,0.0,,1.0,1.0,,1.0,1.0,1.0,1.0,0.0,1.0,1.0,1.0,1.0,1.0,,1.0,1.0,0.0,0.0,1.0,1.0,1.0,1.0,1.0,1.0,1.0,1.0,0.0,1.0,1.0,,1.0,0.0,0.0,,1.0,1.0,1.0,1.0,1.0,1.0,1.0,1.0,1.0,1.0,1.0,1.0,1.1476772776126534,0.003343579797492305
2,0.0,0.0,0.0,-2.2543979411480635,-95500.40683856563,92797.00707617328,0.0,2.870272735136566,-2.1562258343890224,0.2791765972408668,0.0,0.0,-13.146466218129069,0.0,0.0,-0.8024602300505413,0.0004225150792545795,0.9776943047203588,0.0,12.592378809147467,0.0,0.0,0.0,0.0,0.0,0.0,-0.09185484732445828,0.0,0,0.0,18.30799951817346,0.0,0.0,0.0,10.642204857727215,0.0,0.0,0.0,0.0,0.0,0.0,0.0,95683.02206412952,0.0,-109615.46657381559,1.0,,0.0,0.0,0.0,0.0,0.0,0.0,21.636199032703768,0.0,10.89259255895254,-11.24333129731395,11.924999536193821,10.848297024228465,0.0,0.0,0.0,0.6070569465992339,0.0,0.0,0.0,0.0,-96469.56843066135,95657.80534851301,0.0,1.0,1.0,1.0,0.5304317920899879,0.5054102826416779,1.0,0.09918572918411046,0.0,0.0,0.0,0.10051317377914344,0.0,0.0,0.0,1,0.0,0.0,0.0,0.0,14.185560191959635,6.765670526664941,-5.5414810134878305,11418.397446779685,0.0,10.92159577863119,0.0,0.0,0.0,10.771618108480412,17.11530251964615,0.0,0.0,2.0704380890407945,-2.1075397427788976,10524.592060374518,0.0,8.13383931726845,0.0,1.3666365825608229,0.0,-2.493351117183468,18.081478851217284,0.0,-16.842985542437425,15.413934383650007,0.0,0.0,0.0,0.0,0.0,0.0,-0.35073929184247304,0.36675646980393123,0.0,,1.0,0.0,0.0,0.0,0.0,0.0,0.0,0.0,1.0,1.0,1.0,112579.37284727686,-111771.16656299078,-111652.83593351573,-96835.39410656004,114899.66676598878,108604.3358473494,-10.81645923586264,0.0,0.0,0.0,0.0,1.0,1.0,1.0,0.0,,1.0,1.0,1.0,1.0,1.0,0.0,1.0,0.0,0.0,1.0,1.0,1.0,1.0,0.0,,0.0,,1.0,0.0,1.0,,0.0,0.0,1.0,,1.0,,,0.0,0.0,0.0,0.0,,1.0,1.0,,1.0,1.0,1.0,0.0,0.0,,,1.0,1.0,1.0,,1.0,0.0,0.0,1.0,1.0,1.0,1.0,1.0,,1.0,1.0,1.0,1.0,1.0,1.0,0.0,0.0,0.0,1.0,1.0,0.0,1.0,1.0,0.0,1.0,1.0,1.0,1.0,1.0,1.0,1.0,0.4842629810453521,0.0028915024849254694
3,0.0,0.0,27.085664766855547,2.8160927145569965,-93118.84300472176,99974.73429822105,0.0,-2.632131045304262,2.7007204434688497,0.2574556940474172,11.847644682627076,0.0,-37.90004470201817,0.0,,39.77278850354738,0.00041765174449352965,-36.64962281145685,0.0,30.26338055277018,0.0,0.0,0.0,0.0,0.0,0.0,0.0,0.0,0,0.0,15.847736299623435,-13.53738352649937,10.842841637533684,0.0,7.524524404468554,0.0,0.0,0.0,0.0,0.0,0.0,0.0,-106354.58533257288,0.0,97988.60631352253,1.0,0.0,0.0,0.0,0.0,0.0,0.0,0.0,17.13915879227284,10.241360951933002,0.0,-10.55051872464028,9.478040699389947,0.0,0.0,0.0,0.0,4.48660942121808,0.0,0.0,0.0,7.183548972186923,-93223.69955710098,86057.84944687902,0.0,,1.0,,1.1754406395838903,4.4525972427993565,1.0,0.0,0.0,0.0,0.0,0.0,2.541614674693787e-06,0.0,0.0,1,0.0,4.3379113711737265,0.0,0.0,22.405371755617164,14.6260300141587,-15.35920697030593,10921.218824488857,0.0,6.309629973844502,0.0,0.0,0.0,3.1474495522821178,14.026548675868165,7.977369353640817,0.0,3.3359816496490606,-3.3635202969496545,9660.308105590753,0.0,0.0,0.0,3.0821392023573826,0.0,2.337942488089005,0.0,0.4156281743859667,14.572509691153375,-15.518777592858227,0.00040441135929542666,0.0,0.0,0.0,0.0,0.0,3.7593089777699196,2.9400805421783356,0.0,1.0,,3.718378609582706,3.6194813240012724,0.0,3.820213613870368,3.3364158031200657,0.0,0.0,1.0,1.0,,94435.54708838898,-95030.85403461181,-107745.31267178294,-109736.95094035857,100903.8723566937,88845.03110600235,-6.570910853737707,7.453782272069657,,0.0,1.0,1.0,1.0,1.0,0.0,1.0,1.0,1.0,1.0,1.0,1.0,0.0,1.0,0.0,0.0,1.0,,1.0,1.0,,1.0,0.0,,1.0,0.0,1.0,0.0,0.0,0.0,1.0,,1.0,1.0,,0.0,0.0,0.0,0.0,1.0,,,1.0,1.0,1.0,1.0,0.0,,1.0,1.0,1.0,1.0,,1.0,1.0,,0.0,1.0,,1.0,1.0,1.0,1.0,1.0,1.0,0.0,,1.0,1.0,1.0,0.0,0.0,1.0,1.0,0.0,1.0,1.0,1.0,1.0,1.0,1.0,,1.0,1.0,1.0,1.0320771495485996,0.003237524740306217
4,0.0,0.0,0.0,2.7612277826094473,-85157.62715901923,97104.4625164052,0.0,-2.8208982948983103,2.6300915173362425,0.3428883891998761,-6.952117045145609,0.0,-41.00969210178712,0.0,0.0,7.138761023764469,0.0017715182403286278,-6.85422300387144,0.0,27.860087953618972,0.0,0.0,0.0,0.0,0.0,0.0,-7.776681482263182,0.0,0,0.0,13.617071479469475,7.084832348880409,-7.883509129380493,0.00043786198288345274,6.2062357104252195,0.0,0.0,0.0,0.0,0.0,0.0,0.0,-96424.51560113365,0.0,86233.58341914075,1.0,0.0,0.0,0.0,0.0,0.0,0.0,0.0,16.385513113619258,10.16466210232931,0.029184407270776064,-11.73389499844242,11.164682906952875,0.02758198478954893,0.0,0.0,0.0,1.6065329646733437,0.0,0.0,0.0,7.989329880631646,-86179.02855168788,101439.50206574866,0.0,1.0,1.0,1.0,1.088443739544099,1.8249637310176374,1.0,6.960873720141922,0.0,0.0,0.0,6.661610161623679,3.2233735567822063e-06,0.0,0.0,1,0.0,0.6896546098701821,0.0,0.0,30.614892085091327,14.405467111804983,-12.81505669465285,11190.547675730477,0.0,6.853677506458677,0.0,0.0,0.0,2.021752528303202,14.905841012196355,8.544510273938146,0.0,3.2812175834554314,-3.460078172637548,9303.53291065602,0.0,0.0,0.0,2.941131208658028,0.0,2.155306179327094,0.0,0.0,0.0,0.0,0.0,0.0,0.0,0.0,0.0,0.0,5.53640982677952,4.019549488498746,0.0,,1.0,0.7398092155902353,0.6978334872424864,0.0,0.7007989982363618,0.7402356883002557,0.0,0.0,1.0,1.0,1.0,96516.55953727852,-87406.02225686383,-111643.40548208312,-91536.60794778755,96507.78039213379,95325.62132375673,-5.800639265154004,8.725022176309677,0.0,,1.0,1.0,1.0,1.0,0.0,1.0,1.0,,1.0,1.0,1.0,0.0,1.0,0.0,0.0,1.0,,1.0,1.0,0.0,,,0.0,1.0,,,0.0,0.0,0.0,1.0,,1.0,1.0,1.0,0.0,0.0,0.0,0.0,1.0,1.0,1.0,1.0,1.0,1.0,1.0,0.0,1.0,1.0,1.0,1.0,,1.0,,1.0,,0.0,1.0,,1.0,1.0,1.0,1.0,1.0,1.0,0.0,1.0,,1.0,,,0.0,1.0,1.0,0.0,1.0,1.0,,1.0,,1.0,,1.0,1.0,1.0,1.038663847329174,0.0031376248858688864
7,0.0,0.0,7.512711071300318,2.1375572693053324,-112620.0239809981,110999.34850602211,0.0,-2.400947812534093,2.6281431555343953,0.3068246665420409,-0.6632285336158819,0.0,-42.57851750543727,0.0,0.0,14.713146110550596,0.003238361690532982,-16.790232391465818,0.0,34.448505894128694,0.0,0.0,0.0,0.0,0.0,0.0,0.0,0.0,0,0.0,14.627500559714049,0.6330903563133257,-0.5752903699064504,7.977387614308888e-05,7.187699006155808,0.0,0.0,0.0,0.0,0.0,0.0,0.0,-105724.18998417229,0.0,94269.48106256695,1.0,0.0,0.0,0.0,0.0,0.0,0.0,0.0,13.836929763758585,10.617070257441634,0.030196358182401718,-11.308772087724666,10.056018656178882,0.03091540987260206,0.0,0.0,0.0,1.686157457248668,0.0,0.0,0.0,9.121623038910489,-109849.68845310873,95747.29116772489,0.0,,1.0,1.0,1.1435768911198059,1.9867195765618082,1.0,0.0,0.0,0.0,0.0,0.0,0.00022397509019121426,0.0,0.0,1,0.0,0.724653901369448,0.0,0.0,29.353835967107496,16.324871561882073,-14.94772690090407,10263.967276863681,0.0,5.734246868018505,0.0,0.0,0.0,1.5965930072802832,13.942675147197901,8.652836915502382,0.0,4.087344539523849,-3.4520747429273886,8978.221027726137,0.0,0.0,0.0,2.7358005414569657,0.0,2.7811841576086795,0.0,0.0,0.0,0.0,0.0,0.0,0.0,0.0,0.0,0.0,4.695005888900537,3.7783232831507574,0.0,1.0,1.0,0.7043149713978681,0.6586294756332046,0.0,0.6600964721481801,0.7773831277846414,0.0,0.0,1.0,1.0,1.0,92395.55267234382,-90283.15261423733,-103109.75054360674,-91191.67750057856,89335.19065365157,112603.7962112661,-6.0557898988985785,7.983221670344339,,0.0,1.0,1.0,1.0,1.0,0.0,1.0,1.0,,1.0,1.0,,,1.0,0.0,0.0,1.0,1.0,1.0,1.0,0.0,1.0,0.0,,1.0,0.0,1.0,0.0,0.0,0.0,,0.0,1.0,,1.0,,0.0,0.0,0.0,1.0,1.0,1.0,1.0,,1.0,1.0,0.0,1.0,,1.0,1.0,1.0,1.0,1.0,,0.0,0.0,1.0,1.0,1.0,1.0,1.0,1.0,,1.0,0.0,1.0,1.0,1.0,1.0,0.0,0.0,1.0,1.0,0.0,1.0,1.0,1.0,1.0,1.0,1.0,1.0,1.0,1.0,1.0,0.9504127987317562,0.0032673846566374926
8,0.0,0.0,8.03523865517912,2.7352782399085616,-103230.00465568948,109593.55397369574,0.0,-2.5809693095394386,2.479499116035583,0.2970203795419726,-0.5304587730868723,0.0,-43.8861060604604,0.0,0.0,15.720355965098289,0.0033853169059426887,-13.599412801052605,0.0,28.976157975598742,0.0,0.0,0.0,0.0,0.0,0.0,0.0,0.0,0,,13.674278529589103,0.5796848865617338,-0.6066610231560343,6.909588689799674e-05,6.244421947157823,0.0,0.0,0.0,0.0,0.0,0.0,0.0,-100912.96799015396,0.0,112315.0127760867,,,0.0,0.0,0.0,0.0,0.0,0.0,16.159081083339753,11.487723769242692,0.024696667888792847,-9.98272042242719,11.73095585776967,0.031757020855382005,0.0,0.0,0.0,2.069173825516941,0.0,0.0,0.0,7.407296465080491,-91115.02965757946,95807.91462140698,0.0,,1.0,1.0,1.125105007001241,1.7224910141752625,1.0,0.0,0.0,0.0,0.0,0.0,0.00027214118508076733,0.0,0.0,1,0.0,0.6370467635198225,0.0,0.0,25.454807295071284,16.319505661532116,-14.63871881742504,10471.714952282828,0.0,5.879885129226042,0.0,0.0,0.0,1.578869501239801,15.240712651266103,7.819007605449697,0.0,4.041195254058154,-3.498938911488218,9868.281576491061,0.0,0.0,0.0,2.785307731311091,0.0,2.563443234084388,0.0,0.0,0.0,0.0,0.0,0.0,0.0,0.0,0.0,0.0,4.200713789094724,3.531081410500393,0.0,1.0,1.0,0.7076961263379743,0.664544608302932,0.0,0.7144029153387231,0.6108495681205841,0.0,0.0,1.0,1.0,1.0,88085.55136431768,-104398.31425028986,-97620.79426349368,-111914.56695422962,112619.02987368181,113368.80883911086,-7.153451950001472,8.454181982687253,0.0,0.0,1.0,,1.0,,0.0,1.0,1.0,1.0,1.0,1.0,,0.0,1.0,0.0,0.0,1.0,1.0,1.0,,0.0,1.0,0.0,,1.0,0.0,1.0,0.0,0.0,0.0,1.0,,1.0,1.0,,0.0,0.0,0.0,,1.0,1.0,1.0,1.0,1.0,,,0.0,1.0,1.0,1.0,1.0,1.0,,1.0,1.0,0.0,0.0,1.0,1.0,1.0,1.0,1.0,1.0,1.0,,0.0,1.0,,,,0.0,0.0,1.0,,0.0,1.0,1.0,1.0,1.0,1.0,1.0,1.0,1.0,1.0,,0.926257417479081,0.003360912953643228
11,0.0,0.0,7.952304374120663,1.7919705003611994,-111731.95364526371,89033.56087664387,0.0,-2.271981435045344,2.2073607669510777,0.31650229053759393,-0.2796934992239636,0.0,-37.8566492397587,0.0,0.0,14.108157547454807,0.004161729742468516,-15.06694937736684,0.0,34.427454236416416,,0.0,0.0,0.0,0.0,0.0,0.0,0.0,0,0.0,15.603179773680116,0.23952243210913443,-0.2890736384013019,9.31900486489602e-06,6.399874038435332,0.0,0.0,0.0,0.0,0.0,0.0,0.0,-108530.04032398642,0.0,97110.52511331081,1.0,0.0,0.0,0.0,0.0,0.0,0.0,0.0,15.21147998262702,9.510864965662067,0.0,-10.563626386837473,11.40984838651535,0.0,0.0,0.0,0.0,2.184068616263822,0.0,0.0,0.0,8.792206659564973,-86341.69974952623,89226.78453446279,0.0,1.0,1.0,1.0,0.8831951183439463,1.9866326485922459,1.0,0.0,0.0,0.0,0.0,0.0,0.0002677722125527769,0.0,0.0,1,0.0,0.9609048061175691,0.0,0.0,32.9587990341995,14.657516628794037,-15.864162984106718,10005.335350242189,0.0,7.455107700000653,0.0,0.0,0.0,2.171010806658731,17.460937382970787,8.138573133536715,0.0,3.486796264760142,-3.897461908075102,8577.905716410542,0.0,0.0,0.0,3.3203292634696266,0.0,2.0166237461373555,0.0,0.05574878602786141,0.0,0.0,0.0,0.0,0.0,0.0,0.0,0.0,5.520211564357766,3.1234527578505062,0.0,1.0,1.0,0.8259628047772101,0.7851685611160847,0.0,0.8494855878039559,0.9678009313777218,0.0,0.0,1.0,1.0,1.0,112289.71774788127,-105238.80686404184,-104033.79219938003,-106151.48494401864,104782.57946533151,103988.89401173394,-7.245895342896031,8.058626509766267,0.0,0.0,1.0,1.0,1.0,1.0,0.0,1.0,1.0,1.0,,,1.0,0.0,1.0,,0.0,,,1.0,,0.0,1.0,0.0,0.0,1.0,0.0,,0.0,0.0,0.0,1.0,0.0,1.0,1.0,1.0,0.0,,0.0,0.0,1.0,1.0,1.0,1.0,1.0,1.0,1.0,,1.0,1.0,1.0,1.0,1.0,1.0,1.0,1.0,0.0,0.0,1.0,1.0,1.0,,1.0,1.0,1.0,1.0,0.0,,1.0,1.0,1.0,0.0,0.0,1.0,1.0,0.0,1.0,1.0,1.0,1.0,1.0,1.0,1.0,1.0,1.0,1.0,0.9267737663500855,0.0030657162511080346
235,0.0,0.0,6.887392280452194,1.984835568887223,-105785.72950246614,93703.89933187766,0.0,-1.8249575070598094,2.001178897952977,0.31365674542665395,0.0,0.0,-42.442857312696276,0.0,0.0,18.4111301982745,0.44166042133772715,-14.803164516405804,0.0,27.676529396155303,0.0,0.0,0.0,0.0,0.0,0.0,0.0,0.0,0,0.0,14.262114742958941,0.0,0.0,0.0,7.483590787067778,0.0,0.0,0.0,0.0,0.0,0.0,0.0,-95962.88810545568,0.0,101930.83853416664,1.0,0.0,0.0,0.0,0.0,0.0,0.0,0.0,16.180400829296108,11.42225752729535,0.0,-9.091623271090477,9.98752371364268,0.0,0.0,0.0,0.0,1.933979620810993,0.0,0.0,0.0,8.652574022638733,-99687.1545134139,107683.65380048675,0.0,1.0,1.0,1.0,1.0256318248024752,2.094953677591451,1.0,0.0,0.0,0.0,0.0,0.0,0.0002664457207655328,0.0,0.0,1,0.0,0.9021739615305642,0.0,0.0,29.71863324976814,15.666338353872806,-16.25034209691065,10316.908392361975,0.0,6.441023779962459,0.0,0.0,0.0,2.361357534967761,14.053962474126486,7.7089046232110015,0.0,3.2609961135214003,-3.8727836772113715,10987.838530556886,0.0,0.0,0.0,2.7277723305367316,0.0,1.9470404192026407,0.0,0.13901947165160308,0.0,0.0,0.0,0.0,0.0,0.0,0.0,0.0,5.428439105205572,3.149293329876994,0.0,,1.0,1.0277792414762852,1.0134013644837598,0.0,0.9299157118343904,1.0497248857435661,0.0,0.0,1.0,1.0,1.0,105817.76671163697,-90010.3195066581,-98938.11870030792,-90351.26132156026,87489.30274084987,89833.80675930137,-6.266985641479878,7.107995801428175,0.0,,,1.0,1.0,1.0,0.0,1.0,1.0,1.0,,1.0,1.0,0.0,1.0,0.0,0.0,1.0,1.0,1.0,1.0,0.0,1.0,0.0,0.0,1.0,0.0,1.0,0.0,0.0,0.0,1.0,0.0,1.0,1.0,1.0,0.0,0.0,0.0,0.0,1.0,,1.0,1.0,1.0,1.0,1.0,0.0,1.0,1.0,1.0,1.0,1.0,1.0,1.0,,0.0,,1.0,1.0,1.0,,1.0,1.0,1.0,1.0,0.0,1.0,,1.0,1.0,0.0,0.0,1.0,1.0,0.0,,,1.0,,1.0,,1.0,1.0,1.0,1.0,1.0992459300861865,0.02896608719201491
528,0.0,0.0,7.845320686686158,1.8460654773023304,-94248.76685772314,98626.43398210952,0.0,-1.8466533237261116,1.8986059232752892,1.611129279010928,0.0,0.0,-44.990516028429276,0.0,,15.1979997031163,11.099587712104917,-15.625971236925151,0.0,31.85467060426141,0.0,0.0,0.0,0.0,0.0,0.0,0.0,0.0,0,0.0,15.525884636099642,0.0,0.0,0.0,6.957920890103564,0.0,0.0,0.0,0.0,0.0,0.0,0.0,-95007.24757114984,0.0,98561.34031095618,1.0,0.0,0.0,0.0,0.0,0.0,0.0,0.0,14.927513960015746,11.29546766859873,0.0,-11.268087376804099,4.0446867466852625,0.0,0.0,0.0,0.0,1.8581580427378475,0.0,0.0,0.0,7.54406164582946,-99468.02347482716,85706.7663827751,0.0,1.0,,1.0,0.9864411527156377,2.1454443896243367,,0.0,0.0,0.0,0.0,0.0,0.00026299381740861605,0.0,0.0,1,0.0,0.9377141951442638,0.0,0.0,28.30102156036707,13.44496271731484,-15.758204855369058,10558.418160633513,0.0,5.7376578493506765,0.0,0.0,0.0,2.0607548142387357,13.802970298812056,7.1804746104392345,0.0,3.502367658707912,-3.181422853160209,11397.897092659607,0.0,0.0,0.0,2.7363777305812493,0.0,1.9921136041638783,0.0,0.10682424230090425,0.0,0.0,0.0,0.0,0.0,0.0,0.0,0.0,4.487052055597178,3.4839670231251776,0.0,1.0,1.0,0.9336513073103397,1.0467282124792174,0.0,0.9244324279523003,1.0562139624837001,0.0,0.0,1.0,1.0,1.0,94483.65893664192,-98462.58620180807,-90616.38830467337,-97911.71978458189,111554.04248686304,92307.15651575671,-6.22170261701372,7.957025973420972,0.0,0.0,1.0,1.0,1.0,1.0,0.0,1.0,1.0,1.0,,1.0,1.0,,1.0,0.0,0.0,1.0,1.0,1.0,1.0,0.0,1.0,0.0,0.0,,0.0,1.0,0.0,,0.0,,0.0,1.0,1.0,1.0,0.0,,0.0,0.0,1.0,1.0,1.0,,1.0,1.0,1.0,0.0,,1.0,1.0,,1.0,1.0,1.0,1.0,0.0,0.0,1.0,1.0,,1.0,1.0,1.0,1.0,1.0,0.0,1.0,,1.0,1.0,0.0,0.0,1.0,1.0,,1.0,1.0,1.0,1.0,1.0,1.0,1.0,1.0,1.0,1.0,1.1693703063964453,0.7115943649997961
573,0.6198654824990406,0.546715303473076,0.0,-2.820187315829963,87113.4841749838,-113621.29284412025,0.0,2.588035285461179,-2.38423181939892,1.9183292472763749,0.0,0.0,-5.163024460190987,0.0,0.0,2.5577155619841956,14.584291345642209,-2.3445286990264447,0.0,5.244974363109367,0.0,,0.0,0.0,0.0,0.0,0.023755691205861584,0.0,0,,-0.2486778465436096,0.0,0.0,0.0,-0.05929154307839905,0.0618800639470452,0.0,0.0,0.0,0.0,0.0,0.0,-92115.6889923307,0.0,92100.71835048342,0.0,0.0,0.0,0.0,0.0,0.0,0.0,0.0,-0.1456945231291259,0.0,0.0,0.0,0.0,0.0,0.0,0.0,0.0,1.485532423702681,0.0,0.0,0.0,0.0,-111247.43225030834,97964.56356583984,0.0,1.0,1.0,1.0,0.06632184949860763,1.000082003136408,0.0,0.0,0.023016551543243523,0.0,0.0,-0.02237412268857612,0.00020608851394728723,0.0,0.0,1,0.1539441534969629,1.921865664114008,1.0,0.0,3.5120721370054326,2.4693343729535027,-2.6484689319105916,8943.730135374004,0.2518298817671973,0.0,0.0,0.0,0.0,-0.010933377487040888,-0.142881541360721,0.0,0.0,0.24963641226140657,-0.2271855899318674,8694.704321683821,0.1178032298945119,0.0,0.0,0.0,0.0,-2.7014164292738037,0.0,0.0,0.0,0.0,0.0,,0.0,0.0,0.0,0.0,-0.044392293116520584,0.04829768871120726,0.0,1.0,1.0,1.4526596789128352,1.6633556290753362,0.0,0.9547948548905943,1.1261752043462516,0.0,0.0,,1.0,1.0,96019.3614973745,-110434.09564953536,-94704.19110141338,113915.18530004856,89533.30903576654,-88699.21345308375,0.06742939395433577,0.0,1.0,1.0,1.0,1.0,,1.0,0.0,1.0,1.0,1.0,1.0,,1.0,0.0,,0.0,,1.0,,1.0,,0.0,1.0,0.0,0.0,1.0,0.0,1.0,0.0,0.0,0.0,1.0,0.0,1.0,1.0,1.0,0.0,0.0,0.0,0.0,1.0,1.0,1.0,1.0,1.0,1.0,,0.0,1.0,1.0,,1.0,,1.0,1.0,1.0,0.0,0.0,1.0,1.0,1.0,1.0,1.0,1.0,1.0,1.0,,1.0,,1.0,1.0,0.0,,1.0,1.0,0.0,1.0,,1.0,1.0,1.0,1.0,1.0,1.0,1.0,1.0,0.05302283253563711,1.060723994311469
642,0.6205423620209044,0.5980552844057808,0.0,-2.6019347095627863,114218.5625697654,-110087.13453535235,0.0,2.8479240100103853,-2.797992648700047,0.3054679421102628,0.0,0.0,-4.782163928966937,0.0,0.0,2.270338001346839,16.56784987033436,-2.1951957813977026,0.0,4.712688072609089,0.0,0.0,-98437.30751183092,100328.65158642537,0.0,0.0,0.0,0.0,0,0.0,-0.2694206414675716,0.0,0.0,0.0,-0.0662560965983876,0.05047175435070077,0.0,0.0,0.0,0.0,0.0,0.0,88066.29165558286,0.0,-114600.46774210753,0.0,0.0,0.0,0.0,0.0,0.0,0.0,0.0,-0.14045160616830013,0.0,0.0,0.0,0.0,0.0,0.0,0.0,0.0,1.8037787055187076,0.0,0.0,0.0,0.0,-111162.83446643951,93802.65248059317,0.0,1.0,1.0,,0.054717893511610896,1.0133409550611265,,0.0,0.0,0.0,0.0,0.0,0.0,0.0,0.0,1,0.15554793212715803,1.7576997623148727,1.0,0.0,3.6432025928388083,2.6709456399664138,-2.226714618212775,10701.207131109182,0.2649233898248961,0.0,0.0,0.0,0.0,-0.010601660313985083,-0.1767405761675828,0.0,0.0,0.206833015741865,-0.2305967848404237,10657.310071841552,0.1490669758859007,0.0,0.0,0.0,0.0,-2.241559317374431,0.0,0.0,0.0,0.0,0.0,0.0,0.0,0.0,0.0,0.0,-0.04297861564235706,0.04276599140674352,0.0,,,1.7623703721200366,1.4118257491779775,0.0,0.989422124263213,0.9293300442145646,0.0,0.0,1.0,,1.0,91595.58685768249,-87530.34004298736,-89831.25504835891,97792.32662424922,107234.88904343665,-107978.24250770983,0.057379168540699035,0.0,,1.0,1.0,1.0,1.0,,1.0,1.0,1.0,1.0,1.0,1.0,1.0,1.0,1.0,0.0,0.0,1.0,1.0,1.0,1.0,0.0,1.0,,0.0,1.0,0.0,1.0,0.0,0.0,,1.0,0.0,1.0,1.0,1.0,,0.0,0.0,0.0,1.0,1.0,1.0,1.0,1.0,1.0,1.0,0.0,1.0,1.0,1.0,1.0,1.0,1.0,1.0,1.0,0.0,,1.0,1.0,1.0,1.0,,1.0,,1.0,0.0,1.0,1.0,,,0.0,0.0,1.0,1.0,0.0,1.0,1.0,1.0,1.0,1.0,1.0,1.0,1.0,1.0,1.0,0.06354934024250976,0.8950519803974119
651,0.6593369190995085,0.5741895212828666,0.0,-2.2334728265325205,112430.39606735454,-98168.03956485944,0.0,2.812595283730317,-2.3627457931278864,0.028921228384102094,0.0,0.0,-5.771636255154105,0.0,0.0,2.295703476437015,17.70785029147013,-2.2613653876536337,0.0,5.070610209893449,0.0,0.0,-114768.49033590904,98061.35058609286,0.0,0.0,0.0,0.0,0,0.0,-0.22636600825809994,0.0,0.0,0.0,-0.0511967807266618,0.051462266183122406,0.0,0.0,0.0,0.0,0.0,0.0,111773.77780397188,0.0,-110245.18099311892,,0.0,0.0,0.0,0.0,0.0,0.0,0.0,-0.17404054444622366,0.0,0.0,0.0,0.0,0.0,0.0,0.0,0.0,1.4509644172377243,0.0,0.0,0.0,0.0,-91114.51968823014,100002.33627224123,0.0,1.0,1.0,1.0,0.055907198531633825,1.2071318147035346,,0.0,0.0,0.0,0.0,0.0,0.0,0.0,0.0,1,0.15286054934438623,1.9924462986589222,,0.0,2.816776883270498,2.3233594612307935,-2.359423248205732,8901.097080543572,0.28004235100638264,0.0,0.0,0.0,0.0,-0.01329118605480084,-0.16598688343554535,0.0,0.0,0.22333905629357134,-0.2056066111775839,9809.220689774054,0.1379250846956553,0.0,0.0,0.0,0.0,-2.358908717932582,0.0,0.0,0.0,0.0,0.0,0.0,0.0,0.0,0.0,0.0,-0.04314227073370236,0.04775612711446839,0.0,1.0,1.0,1.6367785469442395,1.659009035533416,0.0,0.915727934109206,1.030776891714103,0.0,0.0,1.0,1.0,1.0,91094.85061888826,-85881.10523188584,-94686.31323908946,111360.99308960389,91323.4406074736,-97621.20449737624,0.06556850361733253,0.0,1.0,1.0,1.0,1.0,1.0,1.0,1.0,1.0,,1.0,1.0,,1.0,1.0,1.0,0.0,0.0,1.0,1.0,1.0,1.0,,1.0,0.0,0.0,1.0,0.0,1.0,0.0,0.0,0.0,,0.0,1.0,,1.0,0.0,0.0,,0.0,1.0,1.0,1.0,1.0,,,1.0,0.0,1.0,1.0,1.0,1.0,1.0,1.0,1.0,1.0,0.0,0.0,,,1.0,1.0,1.0,1.0,1.0,1.0,0.0,1.0,1.0,,1.0,0.0,0.0,1.0,,,1.0,1.0,1.0,1.0,1.0,1.0,1.0,1.0,1.0,1.0,0.06075617664113306,1.1336892597646042
653,0.0,0.0,0.0,0.0,0.0,0.0,0.0,0.0,0.0,0.0,0.0,0.0,0.0,0.0,0.0,0.0,19.24897981452711,0.0,0.0,0.0,0.0,0.0,-107527.95626732393,88460.10323230493,0.0,0.0,0.0,0.0,0,0.0,0.0,0.0,0.0,0.0,0.0,0.0,0.0,0.0,0.0,0.0,0.0,0.0,-112665.41614104476,0.0,114322.72795232762,1.0,0.0,0.0,0.0,0.0,0.0,0.0,0.0,0.0,0.0,0.0,0.0,0.0,0.0,0.0,0.0,0.0,0.0,0.0,0.0,0.0,0.0,-86318.48947687211,99751.78613099114,0.0,,1.0,1.0,0.0,0.0,0.0,0.0,0.0,0.0,0.0,0.0,0.0,0.0,0.0,1,0.0,0.0,1.0,0.0,0.0,0.0,0.0,10673.22686877485,0.0,0.0,0.0,0.0,0.0,0.0,0.0,0.0,0.0,0.0,0.0,10959.429793460984,0.0,0.0,0.0,0.0,0.0,0.0,0.0,0.0,0.0,0.0,0.0,0.0,0.0,0.0,0.0,0.0,0.0,0.0,0.0,1.0,,0.0,0.0,0.0,0.0,0.0,0.0,0.0,,1.0,1.0,93364.93870635219,-105393.27657777206,-96922.6205991795,90530.72519213043,88782.65499312618,-96010.1529181397,0.0,0.0,1.0,1.0,1.0,1.0,0.0,0.0,,,1.0,1.0,1.0,,1.0,1.0,,,0.0,1.0,1.0,,,,1.0,0.0,,,,1.0,0.0,0.0,0.0,0.0,0.0,1.0,1.0,1.0,0.0,0.0,0.0,0.0,,1.0,1.0,1.0,1.0,1.0,1.0,0.0,1.0,1.0,1.0,1.0,1.0,,1.0,1.0,0.0,0.0,1.0,0.0,1.0,1.0,1.0,1.0,1.0,1.0,0.0,1.0,0.0,1.0,,0.0,0.0,1.0,1.0,0.0,1.0,,,1.0,1.0,1.0,1.0,1.0,1.0,1.0,0.0,0.9665327250095006
654,0.0,0.0,0.0,0.0,0.0,0.0,0.0,0.0,0.0,0.0,0.0,0.0,0.0,0.0,,0.0,19.470124176200617,0.0,0.0,0.0,0.0,0.0,-97344.34149356879,113731.62998067474,0.0,0.0,0.0,0.0,0,0.0,0.0,0.0,0.0,0.0,0.0,0.0,0.0,0.0,0.0,0.0,0.0,0.0,-106778.10632564063,0.0,98759.08459760882,1.0,,0.0,0.0,0.0,0.0,0.0,0.0,0.0,0.0,0.0,0.0,0.0,0.0,0.0,0.0,0.0,0.0,0.0,0.0,0.0,0.0,-90531.32295600606,108069.37203765719,0.0,1.0,1.0,1.0,0.0,0.0,1.0,0.0,0.0,0.0,0.0,0.0,0.0,0.0,0.0,1,0.0,0.0,1.0,0.0,0.0,0.0,0.0,10233.414346022075,0.0,0.0,0.0,0.0,0.0,0.0,0.0,0.0,0.0,0.0,0.0,9925.68050983647,0.0,0.0,0.0,0.0,0.0,0.0,0.0,0.0,0.0,0.0,0.0,0.0,0.0,0.0,0.0,0.0,0.0,0.0,0.0,,1.0,0.0,0.0,0.0,0.0,0.0,0.0,0.0,1.0,1.0,1.0,103664.02780362201,-111114.43439069105,-92453.23498294658,87539.62454394953,97914.97580256996,-109408.34358584393,0.0,0.0,1.0,,1.0,1.0,0.0,0.0,,1.0,1.0,1.0,1.0,1.0,1.0,1.0,1.0,0.0,0.0,1.0,,1.0,1.0,0.0,1.0,0.0,0.0,,0.0,,0.0,0.0,0.0,0.0,0.0,,1.0,,0.0,0.0,0.0,0.0,1.0,1.0,1.0,1.0,,1.0,1.0,0.0,1.0,1.0,1.0,1.0,1.0,1.0,1.0,1.0,0.0,0.0,1.0,0.0,1.0,1.0,1.0,1.0,,1.0,0.0,1.0,0.0,1.0,1.0,0.0,,,1.0,0.0,1.0,1.0,1.0,1.0,1.0,1.0,1.0,1.0,1.0,,0.0,1.0300177001675808
993,0.0,0.0,0.0,0.0,0.0,0.0,0.0,0.0,0.0,0.0,0.0,0.0,0.0,0.0,0.0,0.0,17.565872142107803,0.0,0.0,0.0,0.0,0.0,110238.2254702718,-107769.96023356008,0.0,0.0,0.0,0.0,0,0.0,0.0,0.0,0.0,0.0,0.0,0.0,0.0,0.0,0.0,0.0,0.0,0.0,-103360.2259310436,0.0,108614.42494476686,1.0,0.0,0.0,0.0,0.0,0.0,0.0,0.0,0.0,0.0,0.0,0.0,0.0,0.0,0.0,0.0,0.0,0.0,0.0,0.0,0.0,0.0,-85126.4360767852,87203.75858948666,0.0,1.0,1.0,,0.0,0.0,1.0,0.0,0.0,0.0,0.0,0.0,0.0,0.0,0.0,1,0.0,0.0,1.0,0.0,0.0,0.0,0.0,11196.804692271699,0.0,0.0,0.0,0.0,0.0,0.0,0.0,0.0,0.0,0.0,0.0,8967.599671548303,0.0,0.0,0.0,0.0,0.0,0.0,0.0,0.0,0.0,0.0,0.0,0.0,0.0,0.0,0.0,0.0,0.0,0.0,0.0,1.0,1.0,0.0,0.0,0.0,0.0,0.0,0.0,0.0,1.0,1.0,1.0,86550.58624167465,-93770.61339296741,97194.1764135199,97471.86326815047,-105015.62951231566,-89748.63905586781,0.0,0.0,0.0,0.0,1.0,1.0,0.0,0.0,0.0,1.0,1.0,1.0,,1.0,1.0,1.0,1.0,0.0,0.0,1.0,1.0,,1.0,0.0,1.0,0.0,0.0,1.0,0.0,1.0,0.0,,0.0,0.0,0.0,1.0,1.0,,0.0,0.0,0.0,0.0,1.0,1.0,1.0,1.0,,1.0,,0.0,1.0,1.0,1.0,1.0,1.0,1.0,1.0,1.0,0.0,,1.0,0.0,1.0,,1.0,,1.0,1.0,0.0,1.0,0.0,,1.0,,0.0,1.0,1.0,,1.0,1.0,1.0,1.0,1.0,1.0,,1.0,1.0,1.0,0.0,1.1956615567912585
1138,0.0,0.0,0.0,0.0,0.0,0.0,0.0,0.0,0.0,0.0,0.0,0.0,0.0,0.0,0.0,0.0,17.38986871584313,0.0,0.0,0.0,0.0,0.0,113250.76335475726,-95224.11752343005,0.0,0.0,0.0,0.0,0,0.0,0.0,0.0,0.0,0.0,0.0,0.0,0.0,0.0,0.0,0.0,0.0,0.0,-113632.07913660504,0.0,111585.35529874325,1.0,0.0,0.0,0.0,0.0,0.0,0.0,0.0,0.0,0.0,0.0,0.0,0.0,0.0,0.0,0.0,0.0,0.0,0.0,0.0,0.0,0.0,-105169.25605752665,93550.20146138284,0.0,1.0,1.0,1.0,0.0,0.0,1.0,0.0,0.0,0.0,0.0,0.0,0.0,0.0,0.0,1,0.0,0.0,1.0,0.0,0.0,0.0,0.0,8541.008570371067,0.0,0.0,0.0,0.0,0.0,0.0,0.0,0.0,0.0,0.0,0.0,11488.717902184553,0.0,0.0,0.0,0.0,0.0,0.0,0.0,0.0,0.0,0.0,0.0,0.0,0.0,0.0,0.0,0.0,0.0,0.0,0.0,1.0,,0.0,0.0,0.0,0.0,0.0,0.0,0.0,1.0,1.0,1.0,93633.71564539536,-108137.63591862506,104197.4039355141,101633.02292061513,-99023.47396267268,-94077.85169813814,0.0,0.0,0.0,0.0,1.0,1.0,0.0,0.0,0.0,1.0,1.0,1.0,1.0,1.0,,1.0,1.0,0.0,0.0,1.0,1.0,1.0,,0.0,1.0,0.0,0.0,1.0,0.0,1.0,0.0,0.0,0.0,0.0,0.0,1.0,1.0,1.0,0.0,0.0,0.0,0.0,1.0,1.0,1.0,,1.0,1.0,1.0,0.0,1.0,1.0,,1.0,1.0,1.0,1.0,1.0,0.0,0.0,1.0,0.0,1.0,1.0,1.0,1.0,1.0,1.0,,1.0,0.0,1.0,1.0,0.0,,1.0,,,,1.0,,1.0,1.0,1.0,1.0,1.0,1.0,1.0,0.0,1.0534056628369397
